source,device,ctr_30d,layout,click,advantage
social,tablet,0.04701825926966651,B,0,-0.112
organic,tablet,0.07442790655949556,C,0,-0.112
social,tablet,0.08718327789731212,B,0,-0.112
social,tablet,0.043365533395638894,A,1,0.888
organic,desktop,0.004366165770736119,A,0,-0.112
organic,tablet,0.016167254414680265,C,1,0.888
social,mobile,0.00208611392915381,B,0,-0.112
paid,mobile,0.06532630192373301,C,0,-0.112
social,tablet,0.033231462535510896,B,0,-0.112
social,tablet,0.054247863571936755,A,0,-0.112
social,mobile,0.04932768467837996,C,0,-0.112
social,mobile,0.00815264895524267,C,0,-0.112
organic,desktop,0.040326136112383185,A,1,0.888
social,mobile,0.022056112492232327,C,0,-0.112
paid,mobile,0.04183997886676527,B,0,-0.112
organic,tablet,0.02035782803422427,B,0,-0.112
paid,mobile,0.08404524062769336,B,1,0.888
paid,desktop,0.017419333657825366,B,0,-0.112
paid,mobile,0.0960780551486977,A,1,0.888
paid,tablet,0.041590736614694084,C,0,-0.112
organic,tablet,0.08462452920190494,B,0,-0.112
organic,mobile,0.06287648182059451,A,0,-0.112
paid,tablet,0.07353502986657527,C,0,-0.112
paid,desktop,0.07677238880667803,C,0,-0.112
organic,desktop,0.050484488189301784,A,0,-0.112
organic,mobile,0.05433005233632884,A,0,-0.112
organic,mobile,0.0513995867808725,B,0,-0.112
social,mobile,0.05880583780900792,C,0,-0.112
social,tablet,0.0029394445756507296,C,0,-0.112
social,desktop,0.03955151698490153,A,1,0.888
paid,desktop,0.060618871356117154,C,0,-0.112
social,tablet,0.059772356525586434,B,0,-0.112
paid,desktop,0.07929560946056316,C,0,-0.112
paid,mobile,0.06550093388321086,A,0,-0.112
social,mobile,0.09921333163406724,A,0,-0.112
paid,mobile,0.028385452860864503,B,0,-0.112
social,desktop,0.03591510296662315,B,0,-0.112
social,mobile,0.03838471518677963,C,0,-0.112
organic,tablet,0.04658128070202486,C,0,-0.112
social,tablet,0.08359980637812095,A,1,0.888
organic,desktop,0.023579209395920987,B,0,-0.112
social,tablet,0.07760002070354295,B,0,-0.112
social,tablet,0.04053101830857434,B,0,-0.112
organic,desktop,0.06018553836620086,C,0,-0.112
organic,mobile,0.06325405332263061,B,1,0.888
social,mobile,0.037284863718893446,A,0,-0.112
paid,mobile,0.05126152052058052,A,1,0.888
organic,desktop,0.0413031174647697,C,0,-0.112
paid,tablet,0.006913278618661945,C,1,0.888
paid,mobile,0.04371653888168266,B,1,0.888
paid,mobile,0.009739339255355218,C,0,-0.112
organic,desktop,0.04050207990803215,A,0,-0.112
paid,mobile,0.05929183998317819,B,1,0.888
organic,desktop,0.05794148993435008,A,0,-0.112
paid,tablet,0.06626212790083204,B,0,-0.112
social,desktop,0.00952615079546263,C,0,-0.112
social,desktop,0.0652123245530438,B,0,-0.112
organic,desktop,0.03121480566964471,B,0,-0.112
social,desktop,0.03990459461371111,A,0,-0.112
social,tablet,0.08579862539227058,A,0,-0.112
paid,tablet,0.0009030404129550251,B,0,-0.112
organic,mobile,0.05884126333406055,C,0,-0.112
paid,tablet,0.05987139801001076,C,0,-0.112
paid,tablet,0.0396659776343562,A,0,-0.112
paid,mobile,0.023702785710833618,C,0,-0.112
paid,tablet,0.02346740382615511,A,0,-0.112
paid,desktop,0.08837096696607527,C,0,-0.112
paid,desktop,0.044202437378285754,B,0,-0.112
paid,mobile,0.033088936298917196,A,0,-0.112
organic,mobile,0.04487775738314031,A,0,-0.112
social,mobile,0.06693904014593614,B,0,-0.112
paid,desktop,0.01457565682447517,A,1,0.888
paid,tablet,0.044943383521373774,C,0,-0.112
paid,desktop,0.0587884371110387,C,0,-0.112
paid,mobile,0.09485833548514339,A,0,-0.112
paid,tablet,0.025252778207541928,C,0,-0.112
paid,tablet,0.03592507479162456,A,0,-0.112
social,desktop,0.03793585899224238,B,0,-0.112
social,mobile,0.06055381576448829,A,0,-0.112
paid,desktop,0.035673205304000165,B,0,-0.112
social,tablet,0.05335119252996956,C,0,-0.112
organic,desktop,0.07817903298450295,B,0,-0.112
paid,desktop,0.07053855941122036,C,0,-0.112
organic,mobile,0.04463686465125856,A,0,-0.112
organic,mobile,0.0864216177674169,C,0,-0.112
paid,tablet,0.05581402495938629,A,0,-0.112
social,desktop,0.05399058395022125,A,0,-0.112
organic,desktop,0.0034187765939158177,B,0,-0.112
paid,desktop,0.09866929803571617,B,0,-0.112
organic,tablet,0.012297080852962673,B,0,-0.112
organic,tablet,0.02311309124276466,B,0,-0.112
organic,mobile,0.005169683724152697,C,0,-0.112
organic,mobile,0.06400029668369138,C,0,-0.112
social,mobile,0.022470117697268,C,0,-0.112
organic,desktop,0.01800104374727235,A,0,-0.112
organic,desktop,0.008855558422324139,C,0,-0.112
organic,mobile,0.010330895712401568,C,0,-0.112
social,desktop,0.05846707004425888,C,0,-0.112
organic,mobile,0.06882078658665955,B,0,-0.112
organic,tablet,0.039737898846440106,C,0,-0.112
social,mobile,0.04798970815920733,A,0,-0.112
social,tablet,0.06859677359829841,B,1,0.888
social,desktop,0.001737979018547964,A,0,-0.112
organic,mobile,0.032313065707027855,C,0,-0.112
social,desktop,0.09730977480703465,B,0,-0.112
social,tablet,0.058011222969546805,A,0,-0.112
organic,tablet,0.025422457989749327,C,0,-0.112
social,tablet,0.05217300466362132,A,0,-0.112
organic,desktop,0.034265348812091534,A,0,-0.112
paid,desktop,0.053224498882629916,A,0,-0.112
social,desktop,0.012574151180664885,C,0,-0.112
paid,desktop,0.013271465381927739,C,0,-0.112
organic,tablet,0.014354236203939287,A,0,-0.112
social,tablet,0.09398197919268418,B,0,-0.112
organic,mobile,0.07328989183413419,B,0,-0.112
paid,mobile,0.01623818946623209,C,0,-0.112
organic,desktop,0.018834908376560145,C,0,-0.112
social,tablet,0.07308294748708764,C,0,-0.112
social,tablet,0.015616384479217394,C,0,-0.112
paid,tablet,0.02345612933348287,C,0,-0.112
organic,mobile,0.09633468328203991,B,1,0.888
social,mobile,0.025530652472843186,C,0,-0.112
paid,tablet,0.06616323503711467,A,0,-0.112
social,tablet,0.09786312874005304,A,0,-0.112
social,tablet,0.03742967671397927,B,0,-0.112
organic,mobile,0.0017515990862062238,A,0,-0.112
social,tablet,0.02441472904223743,B,0,-0.112
organic,tablet,0.08308771913417055,B,0,-0.112
social,desktop,0.08646088359550368,A,0,-0.112
paid,desktop,0.07685193645237913,C,0,-0.112
social,mobile,0.011310981907657303,A,0,-0.112
organic,tablet,0.07955103716964032,A,0,-0.112
organic,tablet,0.09186777969935044,B,0,-0.112
paid,desktop,0.060060954254623614,A,0,-0.112
social,mobile,0.0940875356338065,B,1,0.888
social,desktop,0.08268388837118774,C,0,-0.112
paid,desktop,0.06669715169909073,C,0,-0.112
social,desktop,0.05771852367117482,C,0,-0.112
social,desktop,0.03485736672419705,A,0,-0.112
organic,tablet,0.015928744524280513,B,0,-0.112
social,tablet,0.06049539226905409,C,0,-0.112
social,desktop,0.03181115536181195,B,0,-0.112
paid,mobile,0.08664386675276455,B,1,0.888
paid,mobile,0.09933369373586286,C,0,-0.112
organic,mobile,0.07524277626155726,C,0,-0.112
social,mobile,0.009048169528705075,B,0,-0.112
social,desktop,0.028868559553063812,C,0,-0.112
social,tablet,0.010910963176574973,B,0,-0.112
organic,mobile,0.06505116477917158,B,0,-0.112
organic,desktop,0.07651908645557848,C,0,-0.112
paid,mobile,0.09256748308807118,A,1,0.888
organic,mobile,0.04381723464119877,C,0,-0.112
social,desktop,0.09013756495884444,A,1,0.888
social,tablet,0.08778911590413276,B,0,-0.112
organic,tablet,0.03171957167653986,B,0,-0.112
social,desktop,0.08689006255405711,A,1,0.888
social,tablet,0.037567225188172654,B,0,-0.112
organic,desktop,0.029686927456028078,A,1,0.888
organic,desktop,0.06490746587943931,A,1,0.888
social,desktop,0.03283812278850811,B,0,-0.112
social,tablet,0.06302087483291442,A,0,-0.112
social,desktop,0.06098318054986945,C,0,-0.112
paid,mobile,0.056343892734845885,C,0,-0.112
paid,tablet,0.038041970423279774,B,0,-0.112
paid,tablet,0.05484997216514768,B,0,-0.112
organic,tablet,0.05964854749854216,A,0,-0.112
paid,tablet,0.054568688849547346,A,0,-0.112
organic,mobile,0.04444194527512016,A,0,-0.112
organic,tablet,0.0014667057046263811,A,0,-0.112
paid,tablet,0.0587061707701151,C,0,-0.112
paid,desktop,0.016844438514271965,C,0,-0.112
paid,tablet,0.06425759689471897,B,0,-0.112
social,mobile,0.07593443279228661,A,0,-0.112
paid,mobile,0.05004453091307415,A,0,-0.112
social,mobile,0.05423636649797384,B,0,-0.112
organic,mobile,0.09514785596659912,A,0,-0.112
social,tablet,0.08471673613725743,A,0,-0.112
paid,tablet,0.091423651595147,A,0,-0.112
organic,mobile,0.08137662883195865,A,0,-0.112
organic,mobile,0.010891834184673144,A,0,-0.112
organic,tablet,0.014899185597019471,B,0,-0.112
social,mobile,0.05266237972689596,A,0,-0.112
paid,desktop,0.024606965879799825,B,0,-0.112
organic,mobile,0.04766954750411592,A,0,-0.112
organic,mobile,0.039436532381835025,C,0,-0.112
organic,desktop,0.05494142384304534,C,0,-0.112
social,desktop,0.07468757161358228,C,0,-0.112
social,tablet,0.07154909070992745,C,0,-0.112
paid,tablet,0.05212341324853344,B,0,-0.112
social,desktop,0.08223934188170581,B,0,-0.112
organic,desktop,0.04308620915380334,A,0,-0.112
paid,tablet,0.08967142898401224,C,1,0.888
organic,mobile,0.0071280270055163915,B,0,-0.112
organic,desktop,0.09546600300333075,A,1,0.888
social,tablet,0.06546930814313483,A,0,-0.112
paid,mobile,0.03800745089372053,B,1,0.888
social,desktop,0.019715412657287736,C,0,-0.112
social,mobile,0.04791832294435999,A,0,-0.112
paid,tablet,0.019455832318530097,C,0,-0.112
organic,desktop,0.016633160774314214,C,0,-0.112
organic,mobile,0.06173517574129742,C,0,-0.112
paid,desktop,0.05230847245817847,A,1,0.888
organic,mobile,0.06700960346109418,C,0,-0.112
paid,tablet,0.09296058774219892,A,0,-0.112
paid,tablet,0.05322602133390402,C,0,-0.112
social,desktop,0.058093205326279776,A,0,-0.112
paid,mobile,0.008962633915494211,C,0,-0.112
social,desktop,0.07176357859086295,B,0,-0.112
organic,desktop,0.03999052068041562,C,0,-0.112
organic,mobile,0.0976725238662579,C,0,-0.112
organic,mobile,0.08231740155956603,A,0,-0.112
organic,mobile,0.052248104051611836,A,0,-0.112
social,tablet,0.012322265417216606,C,0,-0.112
organic,desktop,0.08594157932805892,B,0,-0.112
paid,desktop,0.07997810954240217,B,0,-0.112
paid,tablet,0.0184585129537033,A,0,-0.112
paid,mobile,0.02952782892203101,B,1,0.888
social,tablet,0.07934072581478374,C,1,0.888
organic,tablet,0.018522844654740966,A,0,-0.112
organic,tablet,0.09177524891713773,C,0,-0.112
organic,desktop,0.04245274251963619,A,0,-0.112
social,tablet,0.008703896258765864,A,0,-0.112
paid,desktop,0.0815748643504281,A,0,-0.112
paid,desktop,0.037350968303838765,A,0,-0.112
organic,desktop,0.0526499194153781,B,0,-0.112
paid,mobile,0.011230434441121918,C,0,-0.112
paid,desktop,0.0002584014844982385,C,0,-0.112
social,desktop,0.06379852057932976,C,0,-0.112
social,mobile,0.051517517033373164,A,0,-0.112
social,desktop,0.05935385691231472,B,0,-0.112
social,tablet,0.07937438503805164,C,1,0.888
organic,tablet,0.06466059134228601,B,0,-0.112
social,desktop,0.017477344282737717,A,0,-0.112
paid,mobile,0.03607725191105998,C,0,-0.112
organic,tablet,0.09058911047877605,B,0,-0.112
paid,mobile,0.0769944700251679,A,0,-0.112
paid,mobile,0.055663705793671726,B,0,-0.112
paid,tablet,0.02556449978092723,C,0,-0.112
social,mobile,0.030206050183479508,C,0,-0.112
social,tablet,0.07319580675856345,A,0,-0.112
organic,mobile,0.08511742608527709,A,0,-0.112
organic,tablet,0.06714246695306145,A,0,-0.112
social,desktop,0.08095299757684418,B,0,-0.112
paid,tablet,0.0766656135200406,B,0,-0.112
organic,tablet,0.014970396795695774,B,0,-0.112
social,tablet,0.0423944812913302,A,0,-0.112
social,tablet,0.015298380082856267,C,0,-0.112
social,mobile,0.02352355848019848,C,0,-0.112
paid,desktop,0.08692596246510526,B,0,-0.112
social,tablet,0.04728919656331822,B,0,-0.112
social,mobile,0.05353581018426609,C,0,-0.112
social,desktop,0.01784459652277721,C,1,0.888
social,desktop,0.031227178604879603,B,0,-0.112
organic,desktop,0.023024616842786994,B,0,-0.112
organic,desktop,0.020618616451842642,C,0,-0.112
social,tablet,0.06379607933159702,A,0,-0.112
paid,tablet,0.025688384764571484,B,0,-0.112
organic,mobile,0.06320154860204184,C,0,-0.112
social,mobile,0.005845461410855391,C,0,-0.112
organic,mobile,0.014177439352710187,C,0,-0.112
organic,desktop,0.02745402540001254,C,0,-0.112
paid,desktop,0.05970469168956917,A,0,-0.112
social,tablet,0.0675841245087376,C,0,-0.112
social,desktop,0.044271696677952714,B,0,-0.112
paid,desktop,0.0445790914577229,A,0,-0.112
paid,desktop,0.07245168513986182,C,0,-0.112
social,mobile,0.001582109176558244,A,0,-0.112
social,mobile,0.03410900244742206,B,0,-0.112
paid,tablet,0.08187070571192329,C,1,0.888
organic,desktop,0.06032194102133723,B,0,-0.112
organic,desktop,0.03372271327554204,C,0,-0.112
paid,tablet,0.09055247923296739,C,0,-0.112
organic,desktop,0.07726227274493826,C,0,-0.112
paid,desktop,0.026489544723673344,C,0,-0.112
organic,mobile,0.0645289837525717,C,1,0.888
organic,tablet,0.05957507281889567,A,0,-0.112
social,tablet,0.04011879140389827,C,0,-0.112
social,tablet,0.036695607920480065,C,0,-0.112
organic,tablet,0.034356047477570394,A,0,-0.112
organic,mobile,0.06171557833956468,A,0,-0.112
social,mobile,0.044240993648066954,A,0,-0.112
social,desktop,0.0831863113251422,A,0,-0.112
social,desktop,0.06696026161339619,A,0,-0.112
paid,desktop,0.006993160570943413,A,1,0.888
organic,desktop,0.06401682238281661,C,0,-0.112
social,mobile,0.02711474365001848,C,0,-0.112
organic,tablet,0.059281199165342274,B,0,-0.112
paid,mobile,0.06801319311034514,C,0,-0.112
paid,desktop,0.023082918915401207,C,0,-0.112
social,mobile,0.04568586448803687,A,0,-0.112
paid,tablet,0.01903248628190678,A,0,-0.112
organic,tablet,0.005233887578650832,C,0,-0.112
social,mobile,0.03784764234858691,B,0,-0.112
organic,mobile,0.0362944271845992,A,0,-0.112
organic,mobile,0.0995480490704257,C,0,-0.112
paid,desktop,0.04463523511976422,C,0,-0.112
paid,mobile,0.03335695494722004,B,0,-0.112
paid,mobile,0.05804750067166747,B,0,-0.112
paid,mobile,0.008876739410776846,A,0,-0.112
paid,tablet,0.09616657359548132,B,0,-0.112
social,tablet,0.06349600455910331,C,0,-0.112
organic,desktop,0.07548378199408479,C,0,-0.112
organic,desktop,0.017047793817391754,B,0,-0.112
organic,tablet,0.040947785300520394,B,0,-0.112
organic,tablet,0.04226891133961896,B,0,-0.112
paid,tablet,0.08218064439010869,B,0,-0.112
organic,mobile,0.00012366797594094426,A,0,-0.112
social,mobile,0.030085310835325507,B,1,0.888
social,tablet,0.0981236374344304,A,0,-0.112
organic,mobile,0.04748865435062186,C,1,0.888
organic,mobile,0.038252628024400825,B,0,-0.112
social,desktop,0.011982900201764636,A,0,-0.112
social,tablet,0.09741646286280156,B,1,0.888
paid,tablet,0.002002635592582447,C,0,-0.112
social,mobile,0.07371802250072432,C,1,0.888
paid,tablet,0.07685998047885084,C,0,-0.112
paid,desktop,0.024365671606386665,B,0,-0.112
paid,desktop,0.06715584436130373,B,0,-0.112
paid,desktop,0.009292914437938993,A,0,-0.112
paid,tablet,0.025704726643207988,C,0,-0.112
organic,tablet,0.0787901988292265,B,0,-0.112
social,tablet,0.08646861920335402,C,0,-0.112
paid,tablet,0.060848641265979136,C,0,-0.112
social,tablet,0.050683843182048265,A,0,-0.112
social,desktop,0.01593040206189803,A,0,-0.112
paid,mobile,0.006310903307915017,A,0,-0.112
organic,desktop,0.011764902847355863,A,0,-0.112
paid,tablet,0.022735730009609878,C,0,-0.112
organic,desktop,0.034167450189692083,A,1,0.888
social,tablet,0.038090952551098727,A,0,-0.112
organic,tablet,0.034632176858900354,A,0,-0.112
organic,desktop,0.023905533219726563,A,0,-0.112
organic,tablet,0.05097242467516982,C,0,-0.112
social,mobile,0.08252861082328969,A,0,-0.112
social,tablet,0.027970353847147925,C,0,-0.112
organic,mobile,0.09423870191022332,B,0,-0.112
organic,mobile,0.08733366617238479,C,0,-0.112
paid,tablet,0.01617642113521096,C,0,-0.112
organic,desktop,0.07862759567570946,A,0,-0.112
paid,mobile,0.05745873823177666,B,0,-0.112
organic,desktop,0.05665753621714186,B,0,-0.112
paid,mobile,0.03910427630581745,B,0,-0.112
social,tablet,0.050115299918200976,B,0,-0.112
organic,tablet,0.039717877742921105,C,0,-0.112
organic,mobile,0.053973261875994286,B,0,-0.112
organic,tablet,0.06279500527726359,C,0,-0.112
organic,mobile,0.06743038064090484,C,0,-0.112
paid,tablet,0.05324811925594262,C,0,-0.112
organic,desktop,0.07214220673287318,B,0,-0.112
social,tablet,0.01412780492755058,A,0,-0.112
social,desktop,0.021198249090223855,A,0,-0.112
organic,tablet,0.08187350040742702,B,0,-0.112
social,desktop,0.03225279778464152,A,0,-0.112
organic,tablet,0.002289382497612025,A,0,-0.112
organic,desktop,0.015379114966803109,C,0,-0.112
social,mobile,0.022361443449631126,C,0,-0.112
organic,mobile,0.09573228878945872,B,0,-0.112
social,desktop,0.057304142893084935,B,0,-0.112
paid,tablet,0.09327307404762548,A,0,-0.112
organic,desktop,0.0575163350496625,C,0,-0.112
paid,tablet,0.04793544401378518,B,0,-0.112
social,mobile,0.03137276911940961,B,0,-0.112
paid,tablet,0.060637094443337564,B,0,-0.112
paid,mobile,0.013919802461752985,B,1,0.888
social,tablet,0.0898261627292706,B,0,-0.112
paid,tablet,0.08293324051412837,B,0,-0.112
paid,tablet,0.03175314478767371,A,0,-0.112
social,desktop,0.09527975276012944,C,0,-0.112
paid,desktop,0.08252007674155681,C,0,-0.112
social,mobile,0.06663068858350397,B,0,-0.112
paid,mobile,0.01217619111252748,C,0,-0.112
social,desktop,0.04782340230480723,C,0,-0.112
social,mobile,0.050610755484675085,C,1,0.888
paid,desktop,0.023255135836538012,B,0,-0.112
paid,tablet,0.007996539435930195,B,0,-0.112
paid,mobile,0.07767236304716928,C,0,-0.112
organic,mobile,0.012203505212439503,C,0,-0.112
organic,desktop,0.05942907505617748,B,0,-0.112
organic,mobile,0.09364491738836606,A,0,-0.112
social,mobile,0.08761051925980426,C,0,-0.112
paid,tablet,0.027775262374926113,A,0,-0.112
social,mobile,0.08514486375512653,C,0,-0.112
organic,tablet,3.3250612048940645e-05,A,0,-0.112
paid,desktop,0.0017687809613257223,A,0,-0.112
social,mobile,0.060255316384286495,A,0,-0.112
paid,tablet,0.036479821914452946,B,0,-0.112
social,desktop,0.03864608411591472,A,0,-0.112
paid,mobile,0.05644410906788825,A,0,-0.112
organic,desktop,0.01917824555918606,A,0,-0.112
organic,mobile,0.021175535066547835,C,1,0.888
paid,desktop,0.04846015870188647,A,0,-0.112
social,desktop,0.0754253544343863,C,0,-0.112
organic,tablet,0.06194977514075877,A,0,-0.112
organic,desktop,0.02973550482368389,A,0,-0.112
organic,mobile,0.043033717750892125,B,0,-0.112
paid,mobile,0.017066475854999843,C,0,-0.112
paid,tablet,0.007462981433708171,A,0,-0.112
social,mobile,0.07826960407441493,C,0,-0.112
social,mobile,0.02653874091881946,C,0,-0.112
social,mobile,0.01777663878512482,B,1,0.888
paid,desktop,0.06916180555693194,B,0,-0.112
paid,desktop,0.0618051674287186,B,0,-0.112
social,mobile,0.06331896260134641,B,1,0.888
social,tablet,0.022889460484661363,B,0,-0.112
paid,desktop,0.023264553856268102,B,0,-0.112
social,tablet,0.022080262978563914,B,0,-0.112
organic,mobile,0.017375259566229453,B,0,-0.112
paid,mobile,0.06557236725616564,A,0,-0.112
social,desktop,0.08480158852494014,C,0,-0.112
paid,mobile,0.07243174696766612,B,0,-0.112
organic,desktop,0.07920936337605433,B,0,-0.112
paid,mobile,0.04047984290851998,C,0,-0.112
paid,mobile,0.06540757953719982,A,0,-0.112
paid,desktop,0.03542362404447746,C,1,0.888
paid,desktop,0.052550462196864,C,0,-0.112
organic,desktop,0.04816348465348624,B,0,-0.112
paid,mobile,0.01768871451438544,C,0,-0.112
paid,mobile,0.038707876033563085,C,0,-0.112
social,tablet,0.09638222754823511,B,0,-0.112
paid,desktop,0.024858025771494208,B,0,-0.112
social,mobile,0.013380373627948873,B,0,-0.112
organic,mobile,0.04185806216239353,B,0,-0.112
organic,desktop,0.07903377358601482,C,0,-0.112
organic,tablet,0.05821482297799723,C,0,-0.112
organic,desktop,0.06809748272382446,A,1,0.888
social,tablet,0.01896948481746772,A,0,-0.112
paid,mobile,0.061894819300772154,C,0,-0.112
organic,tablet,0.03235003949114738,A,0,-0.112
paid,mobile,0.08343033659547676,C,0,-0.112
social,desktop,0.06292988060107362,A,0,-0.112
social,desktop,0.019885627777529592,B,0,-0.112
social,desktop,0.0064616679844086145,A,0,-0.112
organic,tablet,0.004263320928703274,B,0,-0.112
paid,mobile,0.03714085676501407,B,1,0.888
paid,desktop,0.02658511366543135,B,0,-0.112
paid,desktop,0.06460901234625081,B,0,-0.112
social,mobile,0.04993338349786183,A,0,-0.112
organic,desktop,0.026601927800538074,C,0,-0.112
social,mobile,0.014923777795017613,B,0,-0.112
social,mobile,0.01271997626874496,A,0,-0.112
paid,mobile,0.08646603921404178,B,0,-0.112
social,mobile,0.024347796840486727,A,0,-0.112
paid,mobile,0.06517106479109684,A,0,-0.112
organic,tablet,0.08106859279862663,A,0,-0.112
paid,desktop,0.06140813111847361,C,0,-0.112
organic,tablet,0.08595652316469458,A,0,-0.112
paid,desktop,0.03923937215284745,A,0,-0.112
social,tablet,0.09562221906489483,C,0,-0.112
social,mobile,0.013314500417809695,C,0,-0.112
organic,desktop,0.01021495296575381,A,0,-0.112
organic,desktop,0.06586921462074435,C,0,-0.112
organic,tablet,0.09428311414132617,B,0,-0.112
paid,tablet,0.08088834616363282,B,0,-0.112
paid,desktop,0.007641685943805144,C,0,-0.112
organic,tablet,0.02793677139347164,C,0,-0.112
social,tablet,0.09303188848378237,A,0,-0.112
paid,tablet,0.025305843280078455,C,0,-0.112
paid,mobile,0.07811704237869194,A,0,-0.112
paid,mobile,0.08251321959287039,B,1,0.888
organic,tablet,0.049545210346098184,C,0,-0.112
organic,tablet,0.038634890984831555,A,0,-0.112
organic,mobile,0.045012443241975966,A,0,-0.112
organic,mobile,0.022696469436536415,B,1,0.888
organic,desktop,0.08893909161288444,C,0,-0.112
social,desktop,0.045061965672975796,B,0,-0.112
social,mobile,0.08824594404560998,A,0,-0.112
organic,tablet,0.01056934799062741,A,0,-0.112
paid,tablet,0.09882752710001314,C,1,0.888
organic,tablet,0.04432730874436183,A,0,-0.112
social,tablet,0.004783082039410547,C,0,-0.112
social,desktop,0.0038021848237454916,B,0,-0.112
paid,mobile,0.07462072574818386,C,1,0.888
social,tablet,0.06590355342036808,C,0,-0.112
organic,desktop,0.08021305581275875,A,0,-0.112
paid,tablet,0.010536753395280596,A,0,-0.112
organic,mobile,0.003557086703554835,C,0,-0.112
organic,desktop,0.05085792894475785,A,0,-0.112
paid,mobile,0.03875952314827696,A,0,-0.112
organic,mobile,0.04619469366709558,A,0,-0.112
social,desktop,0.09915884088702741,C,0,-0.112
organic,desktop,0.09707499576706702,A,0,-0.112
paid,desktop,0.09423153896731928,C,1,0.888
paid,desktop,0.07838426767676739,A,0,-0.112
paid,desktop,0.03548413602568904,B,0,-0.112
organic,desktop,0.04121309302627716,A,0,-0.112
paid,desktop,0.05496160437189245,A,0,-0.112
paid,tablet,0.083053445640484,C,0,-0.112
organic,mobile,0.006871283251826777,C,0,-0.112
social,desktop,0.04242968858848881,A,0,-0.112
organic,tablet,0.008261766345926869,B,0,-0.112
paid,tablet,0.05146575865735116,A,0,-0.112
paid,tablet,0.08989008240062354,A,1,0.888
organic,mobile,0.0782484924563938,B,1,0.888
social,desktop,0.022784241754311,C,0,-0.112
paid,tablet,0.09759908495987925,A,0,-0.112
paid,mobile,0.06673503980464283,C,0,-0.112
paid,mobile,0.0010427699397403069,C,0,-0.112
organic,mobile,0.025541348468521952,B,0,-0.112
paid,tablet,0.026071329991991656,B,0,-0.112
social,desktop,0.006925430628585994,C,0,-0.112
paid,tablet,0.09598265180759291,A,0,-0.112
paid,tablet,0.04782552945759238,C,0,-0.112
social,desktop,0.0895814597371882,A,0,-0.112
paid,desktop,0.032221550344462835,A,1,0.888
organic,desktop,0.012523357043282713,B,0,-0.112
organic,mobile,0.04743361099062139,A,0,-0.112
organic,desktop,0.011395663471431717,A,0,-0.112
social,tablet,0.048601550297753995,C,0,-0.112
paid,desktop,0.09202971812194077,B,0,-0.112
organic,tablet,0.05207681418342128,A,1,0.888
social,mobile,0.06164997268950835,A,0,-0.112
paid,tablet,0.01566384369738083,B,0,-0.112
social,tablet,0.004373562587996949,C,0,-0.112
organic,desktop,0.011080796217980705,B,0,-0.112
organic,desktop,0.059853157568436566,B,0,-0.112
organic,tablet,0.009501169899230466,A,0,-0.112
social,desktop,0.03759928899413115,A,0,-0.112
social,mobile,0.055009194045815606,C,0,-0.112
organic,mobile,0.03886527986298471,A,0,-0.112
social,desktop,0.016368380146530147,A,0,-0.112
organic,mobile,0.027379130751410654,B,1,0.888
organic,desktop,0.09283175328485771,A,1,0.888
paid,tablet,0.06759822755863554,C,0,-0.112
social,tablet,0.04960478386798866,B,0,-0.112
organic,mobile,0.001271488998689352,C,0,-0.112
organic,desktop,0.09924154004894703,B,0,-0.112
social,desktop,0.06714549348946433,A,0,-0.112
paid,mobile,0.03169224773449449,B,1,0.888
paid,tablet,0.08792686599978383,B,0,-0.112
organic,mobile,0.025843162029181813,A,0,-0.112
social,tablet,0.05440165791827516,A,0,-0.112
paid,desktop,0.0636070763729825,C,0,-0.112
social,tablet,0.022106337145372846,C,0,-0.112
social,mobile,0.0978397278800596,A,0,-0.112
organic,desktop,0.07481919059789975,A,0,-0.112
paid,mobile,0.055781322551106995,A,0,-0.112
organic,mobile,0.01805945981753009,B,0,-0.112
paid,tablet,0.005385820699802613,B,0,-0.112
paid,mobile,0.03200598325209835,B,0,-0.112
paid,tablet,0.07531873359134028,A,1,0.888
paid,desktop,0.026933129830202508,C,0,-0.112
paid,tablet,0.05395562204955051,A,0,-0.112
social,desktop,0.07279471767307431,B,0,-0.112
organic,tablet,0.010794371464646436,B,0,-0.112
social,mobile,0.06852980161158734,A,0,-0.112
paid,tablet,0.00918708877100447,A,0,-0.112
organic,tablet,0.09651297421269966,B,0,-0.112
paid,desktop,0.04883941300649396,B,0,-0.112
organic,mobile,0.01506761077098774,B,1,0.888
social,tablet,0.03423836360335465,A,0,-0.112
organic,mobile,0.04134164492952615,B,0,-0.112
organic,tablet,0.07581850110765374,B,0,-0.112
organic,tablet,0.07434237860766094,C,1,0.888
organic,mobile,0.061194050533733106,A,0,-0.112
organic,tablet,0.010593071255849296,C,1,0.888
paid,mobile,0.01515693715876736,C,0,-0.112
organic,tablet,0.009375692064555664,B,0,-0.112
organic,desktop,0.057717278328755006,A,1,0.888
social,mobile,0.0877138441511404,B,0,-0.112
organic,tablet,0.04338005122547718,A,0,-0.112
social,tablet,0.01608481739577462,C,0,-0.112
paid,desktop,0.055804232514896704,A,0,-0.112
organic,mobile,0.08117522168657099,B,0,-0.112
social,tablet,0.07417120615129301,B,0,-0.112
social,desktop,0.08814507796750215,B,0,-0.112
paid,tablet,0.027790209724886786,A,0,-0.112
organic,mobile,0.019395386726777486,C,0,-0.112
organic,tablet,0.08798164859419388,C,0,-0.112
social,tablet,0.06575603127780232,A,0,-0.112
organic,tablet,0.03109289300075542,B,0,-0.112
social,tablet,0.07423480505725093,C,1,0.888
organic,desktop,0.08151183844803679,B,0,-0.112
social,desktop,0.06149782403411324,A,1,0.888
organic,mobile,0.06878841098799152,B,0,-0.112
paid,desktop,0.03752599044426663,C,0,-0.112
organic,desktop,0.05386956673430391,C,0,-0.112
organic,mobile,0.052415917072616225,B,0,-0.112
paid,desktop,0.0848047791130772,A,0,-0.112
organic,desktop,0.08399639802821826,B,0,-0.112
paid,mobile,0.08326804693470433,A,0,-0.112
organic,mobile,0.0011031614262465796,B,1,0.888
social,mobile,0.07495454844688883,C,0,-0.112
social,tablet,0.0758676390111005,A,0,-0.112
organic,tablet,0.06783788228551418,A,0,-0.112
organic,mobile,0.07562646578914527,A,0,-0.112
organic,mobile,0.08419703714967088,C,0,-0.112
social,mobile,0.04703190541017857,B,1,0.888
organic,tablet,0.05020502134884472,C,1,0.888
social,tablet,0.012471405691139048,A,0,-0.112
paid,desktop,0.038537588304736185,B,0,-0.112
social,desktop,0.06433651799117844,C,0,-0.112
social,mobile,0.07803997761472746,A,0,-0.112
paid,tablet,0.021720909769121055,A,0,-0.112
social,tablet,0.013782289915923542,C,0,-0.112
organic,tablet,0.06630420045004923,C,0,-0.112
organic,mobile,0.00018798835249106416,C,0,-0.112
social,desktop,0.017837258430732982,A,0,-0.112
organic,mobile,0.002907138034395374,C,0,-0.112
social,desktop,0.01668851178548709,A,0,-0.112
organic,desktop,0.018131927992550523,C,0,-0.112
organic,mobile,0.038767359475039426,A,0,-0.112
social,desktop,0.0402327124686556,A,1,0.888
organic,desktop,0.08742624706102378,B,0,-0.112
social,tablet,0.05101097124988252,C,0,-0.112
organic,desktop,0.07234047656122863,C,0,-0.112
organic,mobile,0.010413735792028745,A,0,-0.112
paid,mobile,0.022543875546369385,A,0,-0.112
paid,desktop,0.07029434409786768,A,1,0.888
social,tablet,0.0052803960468528095,B,0,-0.112
paid,tablet,0.04865976622437532,B,1,0.888
social,desktop,0.05993689656629339,A,1,0.888
paid,desktop,0.06021456440524811,C,0,-0.112
organic,mobile,0.0022932811268042033,C,0,-0.112
social,desktop,0.03221080042291855,B,0,-0.112
social,tablet,0.0636490651049154,B,0,-0.112
organic,desktop,0.014899973614924344,A,0,-0.112
social,mobile,0.06954156483280532,C,0,-0.112
social,mobile,0.07459252088136746,A,0,-0.112
paid,mobile,0.09819691904461453,B,0,-0.112
social,mobile,0.020984199485640943,C,0,-0.112
organic,mobile,0.08251306676661152,C,0,-0.112
paid,desktop,0.052029657691865405,B,0,-0.112
paid,desktop,0.03734625961441734,A,0,-0.112
organic,desktop,0.012237675732517795,A,0,-0.112
organic,desktop,0.07355056064875376,C,0,-0.112
paid,mobile,0.02358575991436871,B,0,-0.112
social,tablet,0.037142200187304575,C,1,0.888
paid,desktop,0.006254222689736844,B,0,-0.112
organic,tablet,0.08013669158195191,A,0,-0.112
paid,desktop,0.07665885239716434,B,0,-0.112
organic,desktop,0.07336158300423125,A,0,-0.112
paid,tablet,0.029944351049188668,B,0,-0.112
social,mobile,0.017348007426595726,C,1,0.888
paid,desktop,0.06375532644702298,A,0,-0.112
paid,desktop,0.049616638411321946,C,0,-0.112
organic,desktop,0.017825246690464158,C,0,-0.112
organic,tablet,0.06859112710498637,A,0,-0.112
organic,mobile,0.09911264318213037,A,0,-0.112
paid,tablet,0.07472195877420378,C,0,-0.112
social,tablet,0.07399863866856118,C,0,-0.112
organic,mobile,0.09503127529305917,C,0,-0.112
organic,tablet,0.02029363675749022,C,0,-0.112
paid,mobile,0.056554996492144044,A,0,-0.112
organic,desktop,0.09796467150338835,A,0,-0.112
social,mobile,0.016529411097017454,C,0,-0.112
social,desktop,0.0700251959444521,B,0,-0.112
organic,tablet,0.0585810145971902,B,0,-0.112
organic,tablet,0.0586479092188707,A,0,-0.112
paid,desktop,0.06976706275200752,C,0,-0.112
social,tablet,0.09296169228756843,C,1,0.888
social,mobile,0.0782581939851338,A,1,0.888
organic,desktop,0.005613610341621,B,0,-0.112
paid,tablet,0.08527280198757113,B,1,0.888
social,desktop,0.022554132992573264,B,0,-0.112
social,mobile,0.0376914164736372,A,0,-0.112
paid,mobile,0.046173281361238216,B,0,-0.112
paid,tablet,0.048090600075306966,A,0,-0.112
social,mobile,0.043518039925535684,A,0,-0.112
social,desktop,0.09373532942158645,C,0,-0.112
paid,mobile,0.07060190076640246,B,1,0.888
social,desktop,0.06311706459567064,A,0,-0.112
organic,desktop,0.004984202778294156,B,0,-0.112
organic,mobile,0.09039133302603747,B,1,0.888
paid,tablet,0.09093901920083963,C,0,-0.112
paid,mobile,0.07802130634301024,B,0,-0.112
paid,desktop,0.0007029203813619157,C,0,-0.112
organic,desktop,0.005728025107762336,A,0,-0.112
social,mobile,0.022522370226848977,B,0,-0.112
organic,tablet,0.01313494081449067,A,0,-0.112
social,tablet,0.039883602970372946,B,0,-0.112
organic,desktop,0.09226230580877898,A,0,-0.112
social,desktop,0.047206043419699834,B,0,-0.112
organic,tablet,0.001340262643216561,B,0,-0.112
paid,mobile,0.028274568957876202,B,1,0.888
organic,desktop,0.004459490837296154,B,0,-0.112
social,desktop,0.003628762261350216,B,0,-0.112
organic,tablet,0.027571985309555225,B,0,-0.112
organic,mobile,0.027561233867894542,B,1,0.888
organic,tablet,0.07871266026016041,B,1,0.888
paid,mobile,0.09748346527811119,B,1,0.888
organic,mobile,0.03712070938899983,A,0,-0.112
paid,mobile,0.042888687886103866,C,0,-0.112
paid,desktop,0.08447894362860214,B,0,-0.112
organic,tablet,0.02681390200955134,C,0,-0.112
organic,tablet,0.015638180440344797,B,0,-0.112
organic,mobile,0.08530896234036506,B,1,0.888
social,desktop,0.00465005864400655,A,1,0.888
organic,desktop,0.061969944019941575,A,0,-0.112
paid,tablet,0.05619928474668068,C,1,0.888
organic,desktop,0.03459204475016943,A,0,-0.112
social,desktop,0.0315189521097359,A,0,-0.112
organic,mobile,0.07718577261816213,C,0,-0.112
social,desktop,0.008642461076254649,A,0,-0.112
social,mobile,0.02367843093113854,B,0,-0.112
organic,tablet,0.07324487318380898,C,0,-0.112
paid,desktop,0.05483205837264243,C,0,-0.112
social,tablet,0.01279882085335864,B,0,-0.112
organic,tablet,0.08821356142820602,A,0,-0.112
organic,desktop,0.039344784656359155,C,0,-0.112
paid,desktop,0.08278683753221729,C,1,0.888
social,tablet,0.07877130155277087,B,0,-0.112
social,desktop,0.062442544647172804,B,0,-0.112
organic,mobile,0.0494481131295093,A,0,-0.112
organic,mobile,0.0979550840381757,C,0,-0.112
paid,desktop,0.014496507237981704,A,0,-0.112
paid,tablet,0.07251557275511149,A,0,-0.112
social,desktop,0.0191190701464789,B,0,-0.112
social,desktop,0.03382631053323484,C,0,-0.112
organic,tablet,0.030869874337319525,C,0,-0.112
social,tablet,0.0947035987738723,C,0,-0.112
paid,mobile,0.09673561777882753,B,0,-0.112
paid,tablet,0.018301544423472715,B,0,-0.112
organic,mobile,0.0022035160297504187,B,0,-0.112
paid,tablet,0.07200080396631131,B,0,-0.112
paid,desktop,0.041798993387048435,B,0,-0.112
paid,mobile,0.008884024508756439,C,0,-0.112
paid,mobile,0.06837541055770426,A,0,-0.112
organic,mobile,0.05451055282606997,C,0,-0.112
organic,desktop,0.09805168220011061,A,0,-0.112
social,desktop,0.022740949586137895,B,0,-0.112
paid,desktop,0.04039778763265483,A,1,0.888
social,desktop,0.054254580339542294,C,0,-0.112
organic,desktop,0.07916999884533517,C,0,-0.112
organic,mobile,0.05488386567200587,A,0,-0.112
organic,desktop,0.06129001608619492,B,0,-0.112
organic,mobile,0.022614705158994077,B,0,-0.112
organic,desktop,0.08469187280885598,C,0,-0.112
organic,tablet,0.04286305469704758,A,0,-0.112
organic,mobile,0.014095962752176928,B,0,-0.112
paid,tablet,0.06641879145054173,B,0,-0.112
social,mobile,0.02160904531853075,C,0,-0.112
organic,tablet,0.009756251023929975,B,0,-0.112
paid,desktop,0.08619869084042724,A,0,-0.112
paid,desktop,0.04601622644884397,C,1,0.888
social,desktop,0.07492837126957765,C,0,-0.112
organic,mobile,0.02905875598063551,A,1,0.888
social,tablet,0.07869701349176664,C,1,0.888
organic,desktop,0.011193592702153032,B,0,-0.112
paid,tablet,0.035597337379485276,B,0,-0.112
paid,tablet,0.09780618179735286,A,0,-0.112
paid,desktop,0.07939897163680061,B,0,-0.112
paid,desktop,0.04972559303146882,A,0,-0.112
social,tablet,0.03397774715618851,A,0,-0.112
organic,desktop,0.08721357000224766,B,0,-0.112
organic,desktop,0.05448477590845157,A,0,-0.112
social,desktop,0.07584250178691111,B,0,-0.112
organic,mobile,0.07541076803161641,C,0,-0.112
paid,tablet,0.0017945678568491831,C,0,-0.112
organic,tablet,0.012625378279261346,A,0,-0.112
paid,mobile,0.06596293663947422,B,1,0.888
social,tablet,0.016161981128587143,B,0,-0.112
organic,desktop,0.025549334465560472,C,0,-0.112
social,tablet,0.09466379541996073,C,0,-0.112
organic,desktop,0.05601822583749119,B,0,-0.112
paid,mobile,0.07507295069993472,A,0,-0.112
social,desktop,0.05579807387826399,C,0,-0.112
organic,tablet,0.055251361478272525,A,0,-0.112
paid,tablet,0.00941519101256979,A,0,-0.112
social,tablet,0.03436631926091031,C,0,-0.112
social,mobile,0.028243089868651174,A,0,-0.112
organic,mobile,0.039072836561361325,A,0,-0.112
organic,tablet,0.07983441882243283,B,0,-0.112
organic,desktop,0.03719326679168649,A,0,-0.112
paid,mobile,0.045169681923168274,B,1,0.888
organic,tablet,0.03973813904853166,C,0,-0.112
social,tablet,0.00934079719752956,C,0,-0.112
social,mobile,0.04410721582507837,B,0,-0.112
organic,mobile,0.019560927304451504,C,0,-0.112
organic,mobile,0.018672329577304147,A,0,-0.112
social,desktop,0.009403610443426635,A,1,0.888
paid,desktop,0.03566709741417647,A,0,-0.112
organic,tablet,0.07574818847894174,C,1,0.888
organic,mobile,0.027644169058339607,A,0,-0.112
social,desktop,0.03123491018855136,C,0,-0.112
organic,mobile,0.06426746576724236,A,0,-0.112
paid,tablet,0.01958408125869189,B,0,-0.112
social,desktop,0.08969579304235344,C,0,-0.112
organic,desktop,0.05201905232515545,C,1,0.888
social,desktop,0.0447602940320217,A,0,-0.112
organic,tablet,0.05578201919292014,C,0,-0.112
organic,mobile,0.016603431341619547,C,0,-0.112
organic,desktop,0.06134731386391763,B,0,-0.112
paid,tablet,0.03631007366340105,B,0,-0.112
paid,mobile,0.0897186340964619,A,0,-0.112
social,tablet,0.016885420667768613,B,0,-0.112
organic,mobile,0.05070511038654411,A,0,-0.112
organic,tablet,0.0598112629369018,A,0,-0.112
paid,mobile,0.0033383601786381224,A,0,-0.112
organic,desktop,0.03636931247561403,C,0,-0.112
paid,mobile,0.07326352347008329,B,1,0.888
organic,tablet,0.08203775074489733,A,0,-0.112
social,tablet,0.03131619948172824,B,0,-0.112
organic,mobile,0.07985932723827513,A,0,-0.112
organic,desktop,0.0967755877103389,B,0,-0.112
paid,desktop,0.08568739360750942,B,1,0.888
organic,mobile,0.01176439881593252,A,0,-0.112
organic,mobile,0.07397303320855407,C,0,-0.112
paid,tablet,0.031966683244054474,B,0,-0.112
social,desktop,0.09884159894120766,C,0,-0.112
social,mobile,0.048535898315988715,C,0,-0.112
paid,desktop,0.012243389835894104,A,0,-0.112
paid,mobile,0.07251855480273908,A,0,-0.112
paid,mobile,0.032301119838621384,A,0,-0.112
paid,desktop,0.09970781570816617,B,0,-0.112
paid,mobile,0.0979782457854522,A,0,-0.112
social,mobile,0.06561340180205807,A,0,-0.112
social,tablet,0.012982644895171758,B,0,-0.112
paid,mobile,0.06868609976750291,B,0,-0.112
organic,mobile,0.009303048646002721,A,0,-0.112
paid,mobile,0.002936415910239232,A,0,-0.112
organic,tablet,0.08229584462214862,A,0,-0.112
paid,desktop,0.02097529476836814,A,0,-0.112
paid,tablet,0.037902712621909744,C,0,-0.112
social,tablet,0.09734573899761732,C,0,-0.112
organic,desktop,0.03368405018611033,A,0,-0.112
organic,tablet,0.02964897812833153,C,0,-0.112
social,desktop,0.09182079996227753,B,0,-0.112
social,tablet,0.011074844531895812,C,0,-0.112
social,desktop,0.07595824101146319,C,0,-0.112
social,mobile,0.0988065566652774,A,0,-0.112
organic,tablet,0.09012960107746489,C,0,-0.112
organic,tablet,0.0651667918706426,C,0,-0.112
paid,tablet,0.0314060794992732,C,0,-0.112
paid,tablet,0.025432198117831675,C,0,-0.112
social,mobile,0.08192551048714612,B,0,-0.112
social,tablet,0.08798219139516954,A,1,0.888
social,mobile,0.05254349125456929,A,0,-0.112
paid,mobile,0.024433994078646618,B,0,-0.112
paid,mobile,0.011294320841117356,C,0,-0.112
paid,mobile,0.008717946783183118,B,1,0.888
paid,desktop,0.07190774473538557,C,0,-0.112
paid,desktop,0.0420118727847725,B,0,-0.112
paid,tablet,0.09053598742778704,A,0,-0.112
paid,desktop,0.07396713007267637,A,1,0.888
social,desktop,0.019126041791458673,A,0,-0.112
social,tablet,0.06137774188156991,C,0,-0.112
social,tablet,0.04355054543981594,C,0,-0.112
social,tablet,0.05772497307686131,B,0,-0.112
paid,desktop,0.07380691233385171,B,0,-0.112
organic,desktop,0.08061958810037909,A,0,-0.112
paid,tablet,0.08437373264067244,C,1,0.888
organic,mobile,0.025397487457202474,B,0,-0.112
social,tablet,0.0031115599917357684,C,0,-0.112
paid,mobile,0.07392947351647731,C,0,-0.112
social,mobile,0.010634372625577461,A,0,-0.112
paid,tablet,0.031491958861296764,A,0,-0.112
social,tablet,0.00038171341243471436,C,0,-0.112
organic,tablet,0.068166948240162,C,0,-0.112
organic,desktop,0.016713201147122127,C,0,-0.112
organic,mobile,0.06552824096916582,C,0,-0.112
paid,desktop,0.0991742617167839,A,0,-0.112
organic,desktop,0.007267087161001629,B,0,-0.112
paid,tablet,0.00770780119514607,A,0,-0.112
organic,desktop,0.034038009266667495,B,0,-0.112
organic,tablet,0.08663865142513422,C,1,0.888
paid,mobile,0.021552986879133186,B,0,-0.112
paid,tablet,0.036037781993034756,A,0,-0.112
organic,desktop,0.006850540662697958,A,0,-0.112
paid,desktop,0.07631552912588895,C,0,-0.112
organic,tablet,0.04083063427594511,A,0,-0.112
paid,tablet,0.07592487330608429,C,1,0.888
social,desktop,0.09036078443467951,A,1,0.888
social,mobile,0.02327631471012888,A,0,-0.112
social,mobile,0.08073960303399513,C,0,-0.112
social,tablet,0.005909389007825328,B,0,-0.112
social,mobile,0.08988473881802474,A,0,-0.112
organic,desktop,0.06507685475587474,B,0,-0.112
social,tablet,0.08742267241383517,A,0,-0.112
social,desktop,1.8839955658189746e-05,A,0,-0.112
social,desktop,0.01690810703559925,A,0,-0.112
social,mobile,0.03897593874264921,A,0,-0.112
paid,tablet,0.03795029033747186,B,0,-0.112
organic,tablet,0.022673038292351066,B,0,-0.112
social,mobile,0.038161193986720014,A,0,-0.112
social,desktop,0.012884871200025483,A,0,-0.112
social,desktop,0.041276112926602604,B,0,-0.112
organic,desktop,0.08023543291592643,C,1,0.888
paid,desktop,0.04790700631033512,C,0,-0.112
organic,tablet,0.0018000088945214988,B,0,-0.112
paid,tablet,0.042144404157924746,A,0,-0.112
social,mobile,0.0027175016090844164,A,0,-0.112
social,mobile,0.09662434107067983,C,0,-0.112
organic,tablet,0.012745395942286897,C,0,-0.112
organic,tablet,0.07076883263306187,B,0,-0.112
paid,desktop,0.09727763228920859,C,0,-0.112
paid,desktop,0.0826039051666572,B,0,-0.112
organic,mobile,0.06993153751262036,C,0,-0.112
paid,tablet,0.0839460909500767,C,0,-0.112
organic,mobile,0.09817986932606276,C,0,-0.112
paid,tablet,0.06213444972535296,A,0,-0.112
organic,desktop,0.05591848068293265,A,0,-0.112
organic,mobile,0.06282381104632814,A,0,-0.112
organic,mobile,0.0532675886761555,C,0,-0.112
paid,tablet,0.06350891059097188,B,1,0.888
paid,desktop,0.044984220797255926,B,0,-0.112
paid,mobile,0.02184431828833071,B,0,-0.112
organic,desktop,0.012024722651167564,B,0,-0.112
paid,mobile,0.00683409355322604,A,0,-0.112
paid,desktop,0.02633157837532001,A,0,-0.112
organic,tablet,0.0046123564335733835,C,0,-0.112
social,mobile,0.056717077991938564,C,0,-0.112
organic,mobile,0.028382844702352028,B,0,-0.112
paid,desktop,0.08245348080870323,A,0,-0.112
organic,desktop,0.007424087298838644,B,0,-0.112
social,mobile,0.022635149434148596,C,0,-0.112
organic,tablet,0.0730246147090146,C,0,-0.112
paid,desktop,0.05988082963834915,B,0,-0.112
social,desktop,0.006449127124916754,C,0,-0.112
paid,desktop,0.08772394571622005,B,0,-0.112
social,mobile,0.08772617628261796,A,0,-0.112
social,mobile,0.03304080038757739,B,0,-0.112
organic,mobile,0.03404058433495647,A,0,-0.112
organic,mobile,0.0989028358350174,A,0,-0.112
paid,tablet,0.06261761715931383,C,0,-0.112
organic,tablet,0.053131652056805916,C,0,-0.112
organic,mobile,0.08381521835519246,C,0,-0.112
social,tablet,0.028529033835731646,B,0,-0.112
organic,desktop,0.042918259339635695,B,0,-0.112
social,desktop,0.026777667548833418,C,0,-0.112
social,desktop,0.07891608465887315,B,0,-0.112
social,mobile,0.0573349345635218,C,0,-0.112
paid,desktop,0.06588250701400705,B,0,-0.112
paid,tablet,0.025230724983940658,A,0,-0.112
paid,mobile,0.022022530137731512,A,0,-0.112
social,tablet,0.048837462898293875,C,0,-0.112
paid,desktop,0.07375657490928268,B,0,-0.112
paid,desktop,0.05252397575201602,B,0,-0.112
organic,desktop,0.0032645677545668607,A,0,-0.112
paid,mobile,0.08685515063202888,A,0,-0.112
paid,tablet,0.006468689351513158,C,0,-0.112
social,mobile,0.09558244837207523,A,0,-0.112
social,mobile,0.0025141958277272725,C,0,-0.112
social,desktop,0.06944504561307088,A,0,-0.112
social,mobile,0.008220706371178166,A,0,-0.112
social,mobile,0.09106765794351396,B,0,-0.112
social,desktop,0.04644332362255428,A,0,-0.112
paid,mobile,0.01375237748170154,A,0,-0.112
social,desktop,0.03408156997898466,C,0,-0.112
social,desktop,0.016482467534676203,A,1,0.888
organic,desktop,0.017058191155709,C,0,-0.112
paid,desktop,0.09481083201714423,A,0,-0.112
paid,mobile,0.04452461122847882,A,0,-0.112
paid,desktop,0.07888022639053596,C,0,-0.112
social,desktop,0.06396055611776819,B,0,-0.112
social,mobile,0.06764263623383923,C,0,-0.112
social,mobile,0.013169343847203852,C,0,-0.112
organic,tablet,0.023418444681548568,C,0,-0.112
social,mobile,0.07867503351544369,B,0,-0.112
organic,mobile,0.0970766206474783,A,1,0.888
paid,tablet,0.026267564259865175,C,0,-0.112
social,mobile,0.027156876475103987,C,0,-0.112
organic,mobile,0.04728971328109049,B,0,-0.112
organic,mobile,0.0983840312855438,C,0,-0.112
social,mobile,0.026895894582647108,A,0,-0.112
paid,tablet,0.04069719096342639,B,0,-0.112
paid,mobile,0.08914800156235068,A,0,-0.112
paid,mobile,0.00029210326213620076,A,0,-0.112
organic,tablet,0.003976596498856955,B,0,-0.112
organic,desktop,0.06040716770712193,C,0,-0.112
organic,tablet,0.09073801647128471,A,0,-0.112
organic,desktop,0.023885666040192766,A,0,-0.112
paid,tablet,0.046964177468070904,A,0,-0.112
social,tablet,0.045046530165781834,A,0,-0.112
organic,mobile,0.04729713460955102,B,1,0.888
organic,desktop,0.06225196957297452,B,1,0.888
paid,mobile,0.04697437629906838,A,0,-0.112
social,desktop,0.04474681413224579,C,0,-0.112
social,tablet,0.04742884204312606,A,0,-0.112
paid,tablet,0.05908674412710416,C,0,-0.112
paid,desktop,0.05370074883513584,A,0,-0.112
social,mobile,0.08541359976505043,C,1,0.888
organic,mobile,0.004949685349366662,A,0,-0.112
social,mobile,0.08333170714730126,C,0,-0.112
paid,mobile,0.0843924612611724,A,0,-0.112
organic,tablet,0.028490802153096087,A,0,-0.112
organic,tablet,0.046285195501585066,C,0,-0.112
paid,tablet,0.04385384885374355,B,0,-0.112
paid,tablet,0.02185098343541303,C,0,-0.112
paid,tablet,0.039679684708631646,B,0,-0.112
social,mobile,0.004438777217085444,A,0,-0.112
social,mobile,0.027782207278173446,C,0,-0.112
organic,mobile,0.08166821754507181,C,0,-0.112
paid,mobile,0.028456230176289756,C,0,-0.112
organic,tablet,0.08182066687482475,B,0,-0.112
organic,tablet,0.053159946460443086,B,0,-0.112
organic,tablet,0.08798626773611601,A,0,-0.112
organic,desktop,0.05747795542644152,B,0,-0.112
paid,mobile,0.002966822306473982,B,0,-0.112
organic,mobile,0.06754202075470893,A,0,-0.112
paid,tablet,0.004485356802356866,C,0,-0.112
paid,mobile,0.0450597018983134,C,0,-0.112
social,mobile,0.0929426694473114,A,0,-0.112
paid,tablet,0.016520393933785016,C,0,-0.112
social,desktop,0.03898723529415441,B,0,-0.112
paid,desktop,0.07298603088484784,A,0,-0.112
paid,desktop,0.08822585560948476,A,0,-0.112
paid,tablet,0.06709430047425079,A,0,-0.112
social,mobile,0.025817325419116924,C,0,-0.112
social,tablet,0.06746078529162162,A,0,-0.112
organic,tablet,0.029672764110409002,A,0,-0.112
